system       disconnectReason1        No          disconnectReason1,%localdate%,%localtime%,%disc-reason-0%,%disc-reason-1%,%disc-reason-2%,%disc-reason-3%,%disc-reason-4%,%disc-reason-5%,%disc-reason-6%,%disc-reason-7%,%disc-reason-8%,%disc-reason-9%,%disc-reason-10%,%disc-reason-11%,%disc-reason-12%,%disc-reason-13%,%disc-reason-14%,%disc-reason-15%,%disc-reason-16%,%disc-reason-17%,%disc-reason-18%,%disc-reason-19%,%disc-reason-20%,%disc-reason-21%,%disc-reason-22%,%disc-reason-23%,%disc-reason-24%,%disc-reason-25%,%disc-reason-26%,%disc-reason-27%,%disc-reason-28%,%disc-reason-29%,%disc-reason-30%,%disc-reason-31%,%disc-reason-32%,%disc-reason-33%,%disc-reason-34%,%disc-reason-35%,%disc-reason-36%,%disc-reason-37%,%disc-reason-38%,%disc-reason-39%,%disc-reason-40%,%disc-reason-41%,%disc-reason-42%,%disc-reason-43%,%disc-reason-44%,%disc-reason-45%,%disc-reason-46%,%disc-reason-47%,%disc-reason-48%,%disc-reason-49%
system       disconnectReason10       No          disconnectReason10,%localdate%,%localtime%,%disc-reason-450%,%disc-reason-451%,%disc-reason-452%,%disc-reason-453%,%disc-reason-454%,%disc-reason-455%,%disc-reason-456%,%disc-reason-457%,%disc-reason-458%,%disc-reason-459%,%disc-reason-460%,%disc-reason-461%,%disc-reason-462%,%disc-reason-463%,%disc-reason-464%,%disc-reason-465%,%disc-reason-466%,%disc-reason-467%,%disc-reason-468%,%disc-reason-469%,%disc-reason-470%,%disc-reason-471%,%disc-reason-472%,%disc-reason-473%,%disc-reason-474%,%disc-reason-475%,%disc-reason-476%,%disc-reason-477%,%disc-reason-478%,%disc-reason-479%,%disc-reason-480%,%disc-reason-481%,%disc-reason-482%,%disc-reason-483%,%disc-reason-484%,%disc-reason-485%,%disc-reason-486%,%disc-reason-487%,%disc-reason-488%,%disc-reason-489%,%disc-reason-490%,%disc-reason-491%,%disc-reason-492%,%disc-reason-493%,%disc-reason-494%,%disc-reason-495%,%disc-reason-496%,%disc-reason-497%,%disc-reason-498%,%disc-reason-499%
system       disconnectReason11       No          disconnectReason11,%localdate%,%localtime%,%disc-reason-500%,%disc-reason-501%,%disc-reason-502%,%disc-reason-503%,%disc-reason-504%,%disc-reason-505%,%disc-reason-506%,%disc-reason-507%,%disc-reason-508%,%disc-reason-509%,%disc-reason-510%,%disc-reason-511%,%disc-reason-512%,%disc-reason-513%,%disc-reason-514%,%disc-reason-515%,%disc-reason-516%,%disc-reason-517%,%disc-reason-518%,%disc-reason-519%,%disc-reason-520%,%disc-reason-521%,%disc-reason-522%,%disc-reason-523%,%disc-reason-524%,%disc-reason-525%,%disc-reason-526%,%disc-reason-527%,%disc-reason-528%,%disc-reason-529%,%disc-reason-530%,%disc-reason-531%,%disc-reason-532%,%disc-reason-533%,%disc-reason-534%,%disc-reason-535%,%disc-reason-536%,%disc-reason-537%,%disc-reason-538%,%disc-reason-539%,%disc-reason-540%,%disc-reason-541%,%disc-reason-542%,%disc-reason-543%,%disc-reason-544%,%disc-reason-545%,%disc-reason-546%,%disc-reason-547%,%disc-reason-548%,%disc-reason-549%
system       disconnectReason12       No          disconnectReason12,%localdate%,%localtime%,%disc-reason-550%,%disc-reason-551%,%disc-reason-552%,%disc-reason-553%,%disc-reason-554%,%disc-reason-555%,%disc-reason-556%,%disc-reason-557%,%disc-reason-558%,%disc-reason-559%,%disc-reason-560%,%disc-reason-561%,%disc-reason-562%,%disc-reason-563%,%disc-reason-564%,%disc-reason-565%,%disc-reason-566%,%disc-reason-567%,%disc-reason-568%,%disc-reason-569%,%disc-reason-570%,%disc-reason-571%,%disc-reason-572%,%disc-reason-573%,%disc-reason-574%,%disc-reason-575%,%disc-reason-576%,%disc-reason-577%,%disc-reason-578%,%disc-reason-579%,%disc-reason-580%,%disc-reason-581%,%disc-reason-582%,%disc-reason-583%,%disc-reason-584%,%disc-reason-585%,%disc-reason-586%,%disc-reason-587%,%disc-reason-588%,%disc-reason-589%,%disc-reason-590%,%disc-reason-591%,%disc-reason-592%,%disc-reason-593%,%disc-reason-594%,%disc-reason-595%,%disc-reason-596%,%disc-reason-597%,%disc-reason-598%,%disc-reason-599%
system       disconnectReason13       No          disconnectReason13,%localdate%,%localtime%,%disc-reason-600%,%disc-reason-601%,%disc-reason-602%,%disc-reason-603%,%disc-reason-604%,%disc-reason-605%,%disc-reason-606%,%disc-reason-607%,%disc-reason-608%,%disc-reason-609%,%disc-reason-610%,%disc-reason-611%,%disc-reason-612%,%disc-reason-613%,%disc-reason-614%,%disc-reason-615%,%disc-reason-616%,%disc-reason-617%,%disc-reason-618%,%disc-reason-619%,%disc-reason-620%,%disc-reason-621%,%disc-reason-622%,%disc-reason-623%,%disc-reason-624%,%disc-reason-625%,%disc-reason-626%,%disc-reason-627%,%disc-reason-628%,%disc-reason-629%,%disc-reason-630%,%disc-reason-631%,%disc-reason-632%,%disc-reason-633%
system       disconnectReason2        No          disconnectReason2,%localdate%,%localtime%,%disc-reason-50%,%disc-reason-51%,%disc-reason-52%,%disc-reason-53%,%disc-reason-54%,%disc-reason-55%,%disc-reason-56%,%disc-reason-57%,%disc-reason-58%,%disc-reason-59%,%disc-reason-60%,%disc-reason-61%,%disc-reason-62%,%disc-reason-63%,%disc-reason-64%,%disc-reason-65%,%disc-reason-66%,%disc-reason-67%,%disc-reason-68%,%disc-reason-69%,%disc-reason-70%,%disc-reason-71%,%disc-reason-72%,%disc-reason-73%,%disc-reason-74%,%disc-reason-75%,%disc-reason-76%,%disc-reason-77%,%disc-reason-78%,%disc-reason-79%,%disc-reason-80%,%disc-reason-81%,%disc-reason-82%,%disc-reason-83%,%disc-reason-84%,%disc-reason-85%,%disc-reason-86%,%disc-reason-87%,%disc-reason-88%,%disc-reason-89%,%disc-reason-90%,%disc-reason-91%,%disc-reason-92%,%disc-reason-93%,%disc-reason-94%,%disc-reason-95%,%disc-reason-96%,%disc-reason-97%,%disc-reason-98%,%disc-reason-99%
system       disconnectReason3        No          disconnectReason3,%localdate%,%localtime%,%disc-reason-100%,%disc-reason-101%,%disc-reason-102%,%disc-reason-103%,%disc-reason-104%,%disc-reason-105%,%disc-reason-106%,%disc-reason-107%,%disc-reason-108%,%disc-reason-109%,%disc-reason-110%,%disc-reason-111%,%disc-reason-112%,%disc-reason-113%,%disc-reason-114%,%disc-reason-115%,%disc-reason-116%,%disc-reason-117%,%disc-reason-118%,%disc-reason-119%,%disc-reason-120%,%disc-reason-121%,%disc-reason-122%,%disc-reason-123%,%disc-reason-124%,%disc-reason-125%,%disc-reason-126%,%disc-reason-127%,%disc-reason-128%,%disc-reason-129%,%disc-reason-130%,%disc-reason-131%,%disc-reason-132%,%disc-reason-133%,%disc-reason-134%,%disc-reason-135%,%disc-reason-136%,%disc-reason-137%,%disc-reason-138%,%disc-reason-139%,%disc-reason-140%,%disc-reason-141%,%disc-reason-142%,%disc-reason-143%,%disc-reason-144%,%disc-reason-145%,%disc-reason-146%,%disc-reason-147%,%disc-reason-148%,%disc-reason-149%
system       disconnectReason4        No          disconnectReason4,%localdate%,%localtime%,%disc-reason-150%,%disc-reason-151%,%disc-reason-152%,%disc-reason-153%,%disc-reason-154%,%disc-reason-155%,%disc-reason-156%,%disc-reason-157%,%disc-reason-158%,%disc-reason-159%,%disc-reason-160%,%disc-reason-161%,%disc-reason-162%,%disc-reason-163%,%disc-reason-164%,%disc-reason-165%,%disc-reason-166%,%disc-reason-167%,%disc-reason-168%,%disc-reason-169%,%disc-reason-170%,%disc-reason-171%,%disc-reason-172%,%disc-reason-173%,%disc-reason-174%,%disc-reason-175%,%disc-reason-176%,%disc-reason-177%,%disc-reason-178%,%disc-reason-179%,%disc-reason-180%,%disc-reason-181%,%disc-reason-182%,%disc-reason-183%,%disc-reason-184%,%disc-reason-185%,%disc-reason-186%,%disc-reason-187%,%disc-reason-188%,%disc-reason-189%,%disc-reason-190%,%disc-reason-191%,%disc-reason-192%,%disc-reason-193%,%disc-reason-194%,%disc-reason-195%,%disc-reason-196%,%disc-reason-197%,%disc-reason-198%,%disc-reason-199%
system       disconnectReason5        No          disconnectReason5,%localdate%,%localtime%,%disc-reason-200%,%disc-reason-201%,%disc-reason-202%,%disc-reason-203%,%disc-reason-204%,%disc-reason-205%,%disc-reason-206%,%disc-reason-207%,%disc-reason-208%,%disc-reason-209%,%disc-reason-210%,%disc-reason-211%,%disc-reason-212%,%disc-reason-213%,%disc-reason-214%,%disc-reason-215%,%disc-reason-216%,%disc-reason-217%,%disc-reason-218%,%disc-reason-219%,%disc-reason-220%,%disc-reason-221%,%disc-reason-222%,%disc-reason-223%,%disc-reason-224%,%disc-reason-225%,%disc-reason-226%,%disc-reason-227%,%disc-reason-228%,%disc-reason-229%,%disc-reason-230%,%disc-reason-231%,%disc-reason-232%,%disc-reason-233%,%disc-reason-234%,%disc-reason-235%,%disc-reason-236%,%disc-reason-237%,%disc-reason-238%,%disc-reason-239%,%disc-reason-240%,%disc-reason-241%,%disc-reason-242%,%disc-reason-243%,%disc-reason-244%,%disc-reason-245%,%disc-reason-246%,%disc-reason-247%,%disc-reason-248%,%disc-reason-249%
system       disconnectReason6        No          disconnectReason6,%localdate%,%localtime%,%disc-reason-250%,%disc-reason-251%,%disc-reason-252%,%disc-reason-253%,%disc-reason-254%,%disc-reason-255%,%disc-reason-256%,%disc-reason-257%,%disc-reason-258%,%disc-reason-259%,%disc-reason-260%,%disc-reason-261%,%disc-reason-262%,%disc-reason-263%,%disc-reason-264%,%disc-reason-265%,%disc-reason-266%,%disc-reason-267%,%disc-reason-268%,%disc-reason-269%,%disc-reason-270%,%disc-reason-271%,%disc-reason-272%,%disc-reason-273%,%disc-reason-274%,%disc-reason-275%,%disc-reason-276%,%disc-reason-277%,%disc-reason-278%,%disc-reason-279%,%disc-reason-280%,%disc-reason-281%,%disc-reason-282%,%disc-reason-283%,%disc-reason-284%,%disc-reason-285%,%disc-reason-286%,%disc-reason-287%,%disc-reason-288%,%disc-reason-289%,%disc-reason-290%,%disc-reason-291%,%disc-reason-292%,%disc-reason-293%,%disc-reason-294%,%disc-reason-295%,%disc-reason-296%,%disc-reason-297%,%disc-reason-298%,%disc-reason-299%
system       disconnectReason7        No          disconnectReason7,%localdate%,%localtime%,%disc-reason-300%,%disc-reason-301%,%disc-reason-302%,%disc-reason-303%,%disc-reason-304%,%disc-reason-305%,%disc-reason-306%,%disc-reason-307%,%disc-reason-308%,%disc-reason-309%,%disc-reason-310%,%disc-reason-311%,%disc-reason-312%,%disc-reason-313%,%disc-reason-314%,%disc-reason-315%,%disc-reason-316%,%disc-reason-317%,%disc-reason-318%,%disc-reason-319%,%disc-reason-320%,%disc-reason-321%,%disc-reason-322%,%disc-reason-323%,%disc-reason-324%,%disc-reason-325%,%disc-reason-326%,%disc-reason-327%,%disc-reason-328%,%disc-reason-329%,%disc-reason-330%,%disc-reason-331%,%disc-reason-332%,%disc-reason-333%,%disc-reason-334%,%disc-reason-335%,%disc-reason-336%,%disc-reason-337%,%disc-reason-338%,%disc-reason-339%,%disc-reason-340%,%disc-reason-341%,%disc-reason-342%,%disc-reason-343%,%disc-reason-344%,%disc-reason-345%,%disc-reason-346%,%disc-reason-347%,%disc-reason-348%,%disc-reason-349%
system       disconnectReason8        No          disconnectReason8,%localdate%,%localtime%,%disc-reason-350%,%disc-reason-351%,%disc-reason-352%,%disc-reason-353%,%disc-reason-354%,%disc-reason-355%,%disc-reason-356%,%disc-reason-357%,%disc-reason-358%,%disc-reason-359%,%disc-reason-360%,%disc-reason-361%,%disc-reason-362%,%disc-reason-363%,%disc-reason-364%,%disc-reason-365%,%disc-reason-366%,%disc-reason-367%,%disc-reason-368%,%disc-reason-369%,%disc-reason-370%,%disc-reason-371%,%disc-reason-372%,%disc-reason-373%,%disc-reason-374%,%disc-reason-375%,%disc-reason-376%,%disc-reason-377%,%disc-reason-378%,%disc-reason-379%,%disc-reason-380%,%disc-reason-381%,%disc-reason-382%,%disc-reason-383%,%disc-reason-384%,%disc-reason-385%,%disc-reason-386%,%disc-reason-387%,%disc-reason-388%,%disc-reason-389%,%disc-reason-390%,%disc-reason-391%,%disc-reason-392%,%disc-reason-393%,%disc-reason-394%,%disc-reason-395%,%disc-reason-396%,%disc-reason-397%,%disc-reason-398%,%disc-reason-399%
system       disconnectReason9        No          disconnectReason9,%localdate%,%localtime%,%disc-reason-400%,%disc-reason-401%,%disc-reason-402%,%disc-reason-403%,%disc-reason-404%,%disc-reason-405%,%disc-reason-406%,%disc-reason-407%,%disc-reason-408%,%disc-reason-409%,%disc-reason-410%,%disc-reason-411%,%disc-reason-412%,%disc-reason-413%,%disc-reason-414%,%disc-reason-415%,%disc-reason-416%,%disc-reason-417%,%disc-reason-418%,%disc-reason-419%,%disc-reason-420%,%disc-reason-421%,%disc-reason-422%,%disc-reason-423%,%disc-reason-424%,%disc-reason-425%,%disc-reason-426%,%disc-reason-427%,%disc-reason-428%,%disc-reason-429%,%disc-reason-430%,%disc-reason-431%,%disc-reason-432%,%disc-reason-433%,%disc-reason-434%,%disc-reason-435%,%disc-reason-436%,%disc-reason-437%,%disc-reason-438%,%disc-reason-439%,%disc-reason-440%,%disc-reason-441%,%disc-reason-442%,%disc-reason-443%,%disc-reason-444%,%disc-reason-445%,%disc-reason-446%,%disc-reason-447%,%disc-reason-448%,%disc-reason-449%
mme          mmeSch1                  No          mmeSch1,%localdate%,%localtime%,%servname%,%sess-cur%,%sess-ecm-connect%,%emmevent-auth-attempt%,%emmevent-auth-success%,%emmevent-auth-failure%,%emmevent-iden-attempt%,%emmevent-iden-success%,%emmevent-iden-failure%,%emmevent-sec-attempt%,%emmevent-sec-success%,%emmevent-sec-failure%,%emmevent-x2ho-attempt%,%emmevent-x2ho-success%,%emmevent-x2ho-failure%,%emmevent-path-update-attempt%,%emmevent-path-update-success%,%emmevent-path-update-failure%,%emmevent-s1ho-attempt%,%emmevent-s1ho-success%,%emmevent-s1ho-failure%
mme          mmeSch10                 No          mmeSch10,%localdate%,%localtime%,%servname%,%s1ap-recdata-inituemsg%,%s1ap-recdata-ulinknastp%,%s1ap-recdata-nasnondelind%,%s1ap-recdata-errorind%,%s1ap-recdata-horeqack%,%s1ap-recdata-hocancel%,%s1ap-recdata-horequire%,%s1ap-recdata-hofail%,%s1ap-recdata-honotify%,%s1ap-recdata-pathswreq%,%s1ap-recdata-enbstatustrans%,%s1ap-recdata-uecap%,%s1ap-recdata-ulinktunnel%,%s1ap-recdata-tracefailind%,%s1ap-recdata-locrep%,%s1ap-recdata-locrepfailind%,%s1ap-recdata-decfail%,%s1ap-recdata-unexpevt%,%s1ap-recdata-cfgupdfail%,%s1ap-recdata-cfgupdack%
mme          mmeSch11                 No          mmeSch11,%localdate%,%localtime%,%servname%,%s1ap-recdata-enbcfgtfr%,%s1ap-recdata-celltrfctrc%,%s1ap-recdata-eRabModInd%,%s1ap-recdata-secratdatausagerep%,%s1ap-enodeb-assoc%,%s1ap-err-unknownmme-ues1apid%,%s1ap-err-unknownenb-ues1apid%,%s1ap-err-unknownpair-ues1apid%,%s1ap-err-tfr-synerr%,%s1ap-err-semanticerr%,%s1ap-err-msgnotcompatible%,%s1ap-err-aserej%,%s1ap-err-aseignore-notify%,%s1ap-err-asefalsely-constrmsg%,%s1ap-err-rcv-unknownmme-ues1apid%,%s1ap-err-rcv-unknownenb-ues1apid%,%s1ap-err-rcv-unknownpair-ues1apid%,%s1ap-err-rcv-tfr-synerr%,%s1ap-err-rcv-semanticerr%,%s1ap-err-rcv-msgnotcompatible%
mme          mmeSch12                 No          mmeSch12,%localdate%,%localtime%,%servname%,%s1ap-err-rcv-aserej%,%s1ap-err-rcv-aseignore-notify%,%s1ap-err-rcv-asefalsely-constrmsg%,%s1ap-up-ue-lppa%,%s1ap-dn-ue-lppa%,%s1ap-up-non-ue-lppa%,%s1ap-dn-non-ue-lppa%,%epsattach-imsi-attempted%,%epsattach-imsi-success%,%epsattach-imsi-failures%,%epsattach-emergency-attempted%,%epsattach-emergency-success%,%epsattach-emergency-failures%,%epsattach-guti-local-attempted%,%epsattach-guti-local-success%,%epsattach-guti-local-failures%,%epsattach-guti-foreign-attempted%,%epsattach-guti-foreign-success%,%epsattach-guti-foreign-failures%,%epsattach-ptmsi-attempted%
mme          mmeSch13                 No          mmeSch13,%localdate%,%localtime%,%servname%,%epsattach-ptmsi-success%,%epsattach-ptmsi-failures%,%epstauattach-guti-foreign-attempted%,%epstauattach-guti-foreign-success%,%epstauattach-guti-foreign-failures%,%epstauattach-ptmsi-attempted%,%epstauattach-ptmsi-success%,%epstauattach-ptmsi-failures%,%combinedattach-imsi-attempted%,%combinedattach-imsi-success%,%combinedattach-imsi-success-eps%,%combinedattach-imsi-failure%,%combinedattach-guti-local-attached%,%combinedattach-guti-local-success%,%combinedattach-guti-local-success-eps%,%combinedattach-guti-local-failure%,%combinedattach-guti-foreign-attempted%,%combinedattach-guti-foreign-success%,%combinedattach-guti-foreign-success-eps%,%combinedattach-guti-foreign-failure%
mme          mmeSch14                 No          mmeSch14,%localdate%,%localtime%,%servname%,%combinedattach-ptmsi-attempted%,%combinedattach-ptmsi-success%,%combinedattach-ptmsi-success-eps%,%combinedattach-ptmsi-failure%,%combined-tauattach-guti-foreign-attempted%,%combined-tauattach-guti-foreign-success%,%combined-tauattach-guti-foreign-success-eps%,%combined-tauattach-guti-foreign-failure%,%combined-tauattach-ptmsi-attempted%,%combined-tauattach-ptmsi-success%,%combined-tauattach-ptmsi-success-eps%,%combined-tauattach-ptmsi-failure%,%tau-periodic-attempted%,%tau-periodic-success%,%tau-periodic-failures%,%tau-normal-attempted%,%tau-normal-success%,%tau-normal-failures%,%tau-active-attempted%,%tau-active-success%
mme          mmeSch15                 No          mmeSch15,%localdate%,%localtime%,%servname%,%tau-active-failures%,%tau-sgw-change-attempted%,%tau-sgw-change-success%,%tau-sgw-change-failures%,%dtal-tau-periodic-attempted%,%dtal-tau-periodic-success%,%dtal-tau-periodic-failures%,%dtal-tau-normal-attempted%,%dtal-tau-normal-success%,%dtal-tau-normal-failures%,%dtal-tau-active-attempted%,%dtal-tau-active-success%,%dtal-tau-active-failures%,%dtal-tau-sgw-change-attempted%,%dtal-tau-sgw-change-success%,%dtal-tau-sgw-change-failures%,%ps-qci-1-paging-init-events-attempted%,%ps-qci-1-paging-init-events-success%,%ps-qci-1-paging-init-events-failures%,%ps-qci-1-paging-last-enb-success%
mme          mmeSch16                 No          mmeSch16,%localdate%,%localtime%,%servname%,%ps-qci-1-paging-last-tai-success%,%ps-qci-1-paging-tai-list-success%,%ps-qci-2-paging-init-events-attempted%,%ps-qci-2-paging-init-events-success%,%ps-qci-2-paging-init-events-failures%,%ps-qci-2-paging-last-enb-success%,%ps-qci-2-paging-last-tai-success%,%ps-qci-2-paging-tai-list-success%,%ps-qci-3-paging-init-events-attempted%,%ps-qci-3-paging-init-events-success%,%ps-qci-3-paging-init-events-failures%,%ps-qci-3-paging-last-enb-success%,%ps-qci-3-paging-last-tai-success%,%ps-qci-3-paging-tai-list-success%,%ps-qci-4-paging-init-events-attempted%,%ps-qci-4-paging-init-events-success%,%ps-qci-4-paging-init-events-failures%,%ps-qci-4-paging-last-enb-success%,%ps-qci-4-paging-last-tai-success%,%ps-qci-4-paging-tai-list-success%
mme          mmeSch17                 No          mmeSch17,%localdate%,%localtime%,%servname%,%ps-qci-5-paging-init-events-attempted%,%ps-qci-5-paging-init-events-success%,%ps-qci-5-paging-init-events-failures%,%ps-qci-5-paging-last-enb-success%,%ps-qci-5-paging-last-tai-success%,%ps-qci-5-paging-tai-list-success%,%ps-qci-6-paging-init-events-attempted%,%ps-qci-6-paging-init-events-success%,%ps-qci-6-paging-init-events-failures%,%ps-qci-6-paging-last-enb-success%,%ps-qci-6-paging-last-tai-success%,%ps-qci-6-paging-tai-list-success%,%ps-qci-7-paging-init-events-attempted%,%ps-qci-7-paging-init-events-success%,%ps-qci-7-paging-init-events-failures%,%ps-qci-7-paging-last-enb-success%,%ps-qci-7-paging-last-tai-success%,%ps-qci-7-paging-tai-list-success%,%ps-qci-8-paging-init-events-attempted%,%ps-qci-8-paging-init-events-success%
mme          mmeSch18                 No          mmeSch18,%localdate%,%localtime%,%servname%,%ps-qci-8-paging-init-events-failures%,%ps-qci-8-paging-last-enb-success%,%ps-qci-8-paging-last-tai-success%,%ps-qci-8-paging-tai-list-success%,%ps-qci-9-paging-init-events-attempted%,%ps-qci-9-paging-init-events-success%,%ps-qci-9-paging-init-events-failures%,%ps-qci-9-paging-last-enb-success%,%ps-qci-9-paging-last-tai-success%,%ps-qci-9-paging-tai-list-success%,%ps-qci-80-paging-init-events-attempted%,%ps-qci-80-paging-init-events-success%,%ps-qci-80-paging-init-events-failures%,%ps-qci-80-paging-last-enb-success%,%ps-qci-80-paging-last-tai-success%,%ps-qci-80-paging-tai-list-success%,%ps-qci-82-paging-init-events-attempted%,%ps-qci-82-paging-init-events-success%,%ps-qci-82-paging-init-events-failures%,%ps-qci-82-paging-last-enb-success%
mme          mmeSch19                 No          mmeSch19,%localdate%,%localtime%,%servname%,%ps-qci-82-paging-last-tai-success%,%ps-qci-82-paging-tai-list-success%,%ps-qci-83-paging-init-events-attempted%,%ps-qci-83-paging-init-events-success%,%ps-qci-83-paging-init-events-failures%,%ps-qci-83-paging-last-enb-success%,%ps-qci-83-paging-last-tai-success%,%ps-qci-83-paging-tai-list-success%,%ps-arp-1-paging-init-events-attempted%,%ps-arp-1-paging-init-events-success%,%ps-arp-1-paging-init-events-failures%,%ps-arp-1-paging-last-enb-success%,%ps-arp-1-paging-last-tai-success%,%ps-arp-1-paging-tai-list-success%,%ps-arp-2-paging-init-events-attempted%,%ps-arp-2-paging-init-events-success%,%ps-arp-2-paging-init-events-failures%,%ps-arp-2-paging-last-enb-success%,%ps-arp-2-paging-last-tai-success%,%ps-arp-2-paging-tai-list-success%
mme          mmeSch2                  No          mmeSch2,%localdate%,%localtime%,%servname%,%emmevent-s1ho-target-tai-attempt%,%emmevent-s1ho-target-tai-success%,%emmevent-s1ho-target-tai-failure%,%emmevent-detachueinit-attempt%,%emmevent-detachueinit-success%,%emmevent-detachueinit-failure%,%emmevent-detachnwinit-attempt%,%emmevent-detachnwinit-success%,%emmevent-detachnwinit-failure%,%emmevent-detachhssinit-attempt%,%emmevent-detachhssinit-success%,%emmevent-detachhssinit-failure%,%ecmevent-idlemode-attempt%,%ecmevent-idlemode-success%,%ecmevent-idlemode-failure%,%ecmevent-ue-srvcreq-attempt%,%ecmevent-ue-srvcreq-success%,%ecmevent-ue-srvcreq-failure%,%ecmevent-nw-srvcreq-attempt%,%ecmevent-nw-srvcreq-success%
mme          mmeSch20                 No          mmeSch20,%localdate%,%localtime%,%servname%,%ps-arp-3-paging-init-events-attempted%,%ps-arp-3-paging-init-events-success%,%ps-arp-3-paging-init-events-failures%,%ps-arp-3-paging-last-enb-success%,%ps-arp-3-paging-last-tai-success%,%ps-arp-3-paging-tai-list-success%,%ps-arp-4-paging-init-events-attempted%,%ps-arp-4-paging-init-events-success%,%ps-arp-4-paging-init-events-failures%,%ps-arp-4-paging-last-enb-success%,%ps-arp-4-paging-last-tai-success%,%ps-arp-4-paging-tai-list-success%,%ps-arp-5-paging-init-events-attempted%,%ps-arp-5-paging-init-events-success%,%ps-arp-5-paging-init-events-failures%,%ps-arp-5-paging-last-enb-success%,%ps-arp-5-paging-last-tai-success%,%ps-arp-5-paging-tai-list-success%,%ps-arp-6-paging-init-events-attempted%,%ps-arp-6-paging-init-events-success%
mme          mmeSch21                 No          mmeSch21,%localdate%,%localtime%,%servname%,%ps-arp-6-paging-init-events-failures%,%ps-arp-6-paging-last-enb-success%,%ps-arp-6-paging-last-tai-success%,%ps-arp-6-paging-tai-list-success%,%ps-arp-7-paging-init-events-attempted%,%ps-arp-7-paging-init-events-success%,%ps-arp-7-paging-init-events-failures%,%ps-arp-7-paging-last-enb-success%,%ps-arp-7-paging-last-tai-success%,%ps-arp-7-paging-tai-list-success%,%ps-arp-8-paging-init-events-attempted%,%ps-arp-8-paging-init-events-success%,%ps-arp-8-paging-init-events-failures%,%ps-arp-8-paging-last-enb-success%,%ps-arp-8-paging-last-tai-success%,%ps-arp-8-paging-tai-list-success%,%ps-arp-9-paging-init-events-attempted%,%ps-arp-9-paging-init-events-success%,%ps-arp-9-paging-init-events-failures%,%ps-arp-9-paging-last-enb-success%
mme          mmeSch22                 No          mmeSch22,%localdate%,%localtime%,%servname%,%ps-arp-9-paging-last-tai-success%,%ps-arp-9-paging-tai-list-success%,%ps-arp-10-paging-init-events-attempted%,%ps-arp-10-paging-init-events-success%,%ps-arp-10-paging-init-events-failures%,%ps-arp-10-paging-last-enb-success%,%ps-arp-10-paging-last-tai-success%,%ps-arp-10-paging-tai-list-success%,%ps-arp-11-paging-init-events-attempted%,%ps-arp-11-paging-init-events-success%,%ps-arp-11-paging-init-events-failures%,%ps-arp-11-paging-last-enb-success%,%ps-arp-11-paging-last-tai-success%,%ps-arp-11-paging-tai-list-success%,%ps-arp-12-paging-init-events-attempted%,%ps-arp-12-paging-init-events-success%,%ps-arp-12-paging-init-events-failures%,%ps-arp-12-paging-last-enb-success%,%ps-arp-12-paging-last-tai-success%,%ps-arp-12-paging-tai-list-success%
mme          mmeSch23                 No          mmeSch23,%localdate%,%localtime%,%servname%,%ps-arp-13-paging-init-events-attempted%,%ps-arp-13-paging-init-events-success%,%ps-arp-13-paging-init-events-failures%,%ps-arp-13-paging-last-enb-success%,%ps-arp-13-paging-last-tai-success%,%ps-arp-13-paging-tai-list-success%,%ps-arp-14-paging-init-events-attempted%,%ps-arp-14-paging-init-events-success%,%ps-arp-14-paging-init-events-failures%,%ps-arp-14-paging-last-enb-success%,%ps-arp-14-paging-last-tai-success%,%ps-arp-14-paging-tai-list-success%,%ps-arp-15-paging-init-events-attempted%,%ps-arp-15-paging-init-events-success%,%ps-arp-15-paging-init-events-failures%,%ps-arp-15-paging-last-enb-success%,%ps-arp-15-paging-last-tai-success%,%ps-arp-15-paging-tai-list-success%,%ps-apn-profile-paging-init-events-attempted%,%ps-apn-profile-paging-init-events-success%
mme          mmeSch24                 No          mmeSch24,%localdate%,%localtime%,%servname%,%ps-apn-profile-paging-init-events-failures%,%ps-apn-profile-paging-last-enb-success%,%ps-apn-profile-paging-last-tai-success%,%ps-apn-profile-paging-tai-list-success%,%ps-sms-paging-init-events-attempted%,%ps-sms-paging-init-events-success%,%ps-sms-paging-init-events-failures%,%ps-sms-paging-last-enb-success%,%ps-sms-paging-last-tai-success%,%ps-sms-paging-tai-list-success%,%cs-voice-paging-init-events-attempted%,%cs-voice-paging-init-events-success%,%cs-voice-paging-init-events-failures%,%cs-voice-paging-last-enb-success%,%cs-voice-paging-last-tai-success%,%cs-voice-paging-tai-list-success%,%cs-sms-paging-init-events-attempted%,%cs-sms-paging-init-events-success%,%cs-sms-paging-init-events-failures%,%cs-sms-paging-last-enb-success%
mme          mmeSch25                 No          mmeSch25,%localdate%,%localtime%,%servname%,%cs-sms-paging-last-tai-success%,%cs-sms-paging-tai-list-success%,%cs-other-paging-init-events-attempted%,%cs-other-paging-init-events-success%,%cs-other-paging-init-events-failures%,%cs-other-paging-last-enb-success%,%cs-other-paging-last-tai-success%,%cs-other-paging-tai-list-success%,%signaling-detach-paging-init-events-attempted%,%signaling-detach-paging-init-events-success%,%signaling-detach-paging-init-events-failures%,%signaling-detach-paging-last-enb-success%,%signaling-detach-paging-last-tai-success%,%signaling-detach-paging-tai-list-success%,%signalling-pdn-reconn-paging-init-events-attempted%,%signalling-pdn-reconn-paging-init-events-success%,%signalling-pdn-reconn-paging-init-events-failures%,%signalling-pdn-reconn-paging-last-enb-success%,%signalling-pdn-reconn-paging-last-tai-success%,%signalling-pdn-reconn-paging-tai-list-success%
mme          mmeSch26                 No          mmeSch26,%localdate%,%localtime%,%servname%,%signaling-lcs-paging-init-events-attempted%,%signaling-lcs-paging-init-events-success%,%signaling-lcs-paging-init-events-failures%,%signaling-lcs-paging-last-enb-success%,%signaling-lcs-paging-last-tai-success%,%signaling-lcs-paging-tai-list-success%,%signaling-ipne-paging-init-events-attempted%,%signaling-ipne-paging-init-events-success%,%signaling-ipne-paging-init-events-failures%,%signaling-ipne-paging-last-enb-success%,%signaling-ipne-paging-last-tai-success%,%signaling-ipne-paging-tai-list-success%,%signaling-noderes-paging-init-events-attempted%,%signaling-noderes-paging-init-events-success%,%signaling-noderes-paging-init-events-failures%,%signaling-noderes-paging-last-enb-success%,%signaling-noderes-paging-last-tai-success%,%signaling-noderes-paging-tai-list-success%,%signaling-idr-paging-init-events-attempted%,%signaling-idr-paging-init-events-success%
mme          mmeSch27                 No          mmeSch27,%localdate%,%localtime%,%servname%,%signaling-idr-paging-init-events-failures%,%signaling-idr-paging-last-enb-success%,%signaling-idr-paging-last-tai-success%,%signaling-idr-paging-tai-list-success%,%csfb-ue-voice-total%,%csfb-ue-voice-success%,%csfb-ue-voice-failures%,%csfb-ue-prio-voice-total%,%csfb-ue-prio-voice-success%,%csfb-ue-prio-voice-failures%,%csfb-ue-sms-total%,%csfb-ue-sms-success%,%csfb-ue-sms-failures%,%csfb-ue-detach-total%,%csfb-ue-detach-success%,%csfb-ue-detach-failures%,%csfb-nw-voice-total%,%csfb-nw-voice-success%,%csfb-nw-voice-failures%,%csfb-nw-prio-voice-total%
mme          mmeSch28                 No          mmeSch28,%localdate%,%localtime%,%servname%,%csfb-nw-prio-voice-success%,%csfb-nw-prio-voice-failures%,%csfb-nw-sms-total%,%csfb-nw-sms-success%,%csfb-nw-sms-failures%,%csfb-nw-detach-total%,%csfb-nw-detach-success%,%csfb-nw-detach-failures%,%emm-msgtx-attach-accept%,%emm-msgtx-attach-accept-retx%,%emm-msgtx-attach-accept-imsi-unknown%,%emm-msgtx-attach-accept-no-msc%,%emm-msgtx-attach-accept-nw-fail%,%emm-msgtx-attach-accept-congestion%,%emm-msgtx-attach-accept-no-cs%,%emm-msgtx-attach-reject%,%emm-msgtx-imsi-unknown-hss%,%emm-msgtx-illegal-ue%,%emm-msgtx-illegal-me%,%emm-msgtx-eps-not-allowed%
mme          mmeSch29                 No          mmeSch29,%localdate%,%localtime%,%servname%,%emm-msgtx-emergency-disabled%,%emm-msgtx-network-failure%,%emm-msgtx-esm-failure%,%emm-msgtx-attach-rej-unknown-apn%,%emm-msgtx-attach-rej-gw-reject%,%emm-msgtx-attach-rej-gw-auth-failed%,%emm-msgtx-attach-rej-svc-not-supported%,%emm-msgtx-attach-rej-svc-not-subscribed%,%emm-msgtx-attach-rej-opr-determined-barring%,%emm-msgtx-attach-rej-insuff-resources%,%emm-msgtx-attach-rej-activation-reject%,%emm-msgtx-attach-rej-svc-temp-out-of-order%,%emm-msgtx-attach-rej-apn-not-sup-in-plmn-rat%,%emm-msgtx-attach-rej-protocol-error%,%emm-msgtx-attach-rej-apn-restrict-incompatible%,%emm-msgtx-decode-failure%,%emm-msgtx-eps-non-eps-not-allowed%,%emm-msgtx-no-eps-svc-plmn%,%emm-msgtx-imei-not-accept%,%emm-msgtx-roaming-restrict-ta%
mme          mmeSch3                  No          mmeSch3,%localdate%,%localtime%,%servname%,%ecmevent-nw-srvcreq-failure%,%ecmevent-s1rel-loadbalance%,%emmctrlmsg-sent-cleartext%,%emmctrlmsg-sent-integrity%,%emmctrlmsg-sent-cipher%,%emmctrlmsg-sent-retrans%,%emmctrlmsg-sent-failure%,%emmctrlmsg-recv-cleartext%,%emmctrlmsg-recv-integrity%,%emmctrlmsg-recv-cipher%,%emmctrlmsg-recv-accept%,%emmctrlmsg-recv-discard%,%emmctrlmsg-recv-denied%,%emmctrlmsg-recv-deocdefail%,%emmcall-attach-currcall%,%emmcall-attach-maxcall%,%emmcall-connect-curcall%,%emmcall-connect-maxcall%,%emmcall-idle-curcall%,%emmcall-idle-maxcall%
mme          mmeSch30                 No          mmeSch30,%localdate%,%localtime%,%servname%,%emm-msgtx-plmn-not-allow%,%emm-msgtx-no-suitable-cell-ta%,%emm-msgtx-ta-not-allow%,%emm-msgtx-auth-reject%,%emm-msgtx-auth-req%,%emm-msgtx-auth-req-retx%,%emm-msgtx-detach-request%,%emm-msgtx-detach-req-retx%,%emm-msgtx-reattach-req%,%emm-msgtx-rettach-not-req%,%emm-msgtx-imsi-detach%,%emm-msgtx-detach-accept%,%emm-msgtx-downlink-transport%,%emm-msgtx-emm-info%,%emm-msgtx-emm-status%,%emm-msgtx-guti-reloc%,%emm-msgtx-guti-reloc-retx%,%emm-msgtx-identity-req%,%emm-msgtx-identity-req-retx%,%emm-msgtx-sm-cmd%
mme          mmeSch31                 No          mmeSch31,%localdate%,%localtime%,%servname%,%emm-msgtx-sm-cmd-retx%,%emm-msgtx-service-reject%,%emm-msgtx-ue-identity-unk%,%emm-msgtx-impl-detached%,%emm-msgtx-tau-accept%,%emm-msgtx-service-reject-no-brrs%,%emm-msgtx-service-reject-no-csg%,%emm-msgtx-service-reject-ta-no-allwd%,%emm-msgtx-service-reject-no-roam-in-ta%,%emm-msgtx-service-reject-no-cells-in-ta%,%emm-msgtx-tau-accept-retx%,%emm-msgtx-tau-reject%,%emm-msgtx-tau-accept-imsi-unknown%,%emm-msgtx-tau-accept-no-msc%,%emm-msgtx-tau-accept-nw-fail%,%emm-msgtx-tau-accept-congestion%,%emm-msgtx-tau-accept-no-cs%,%emm-msgtx-tau-inter-accept%,%emm-msgtx-tau-inter-accept-retx%,%emm-msgtx-tau-inter-accept-imsi-unknown%
mme          mmeSch32                 No          mmeSch32,%localdate%,%localtime%,%servname%,%emm-msgtx-tau-inter-accept-no-msc%,%emm-msgtx-tau-inter-accept-nw-fail%,%emm-msgtx-tau-inter-accept-congestion%,%emm-msgtx-tau-inter-accept-no-cs%,%emm-msgtx-tau-intra-accept%,%emm-msgtx-tau-intra-accept-retx%,%emm-msgtx-tau-intra-accept-imsi-unknown%,%emm-msgtx-tau-intra-accept-no-msc%,%emm-msgtx-tau-intra-accept-nw-fail%,%emm-msgtx-tau-intra-accept-congestion%,%emm-msgtx-tau-intra-accept-no-cs%,%emm-msgtx-tau-imsi-unknown-hss%,%emm-msgtx-tau-illegal-ue%,%emm-msgtx-tau-illegal-me%,%emm-msgtx-tau-eps-not-allowed%,%emm-msgtx-tau-emergency-disabled%,%emm-msgtx-tau-network-fail%,%emm-msgtx-tau-decode-failure%,%emm-msgtx-tau-no-bearer-active%,%emm-msgtx-tau-ue-identity-unk%
mme          mmeSch33                 No          mmeSch33,%localdate%,%localtime%,%servname%,%emm-msgtx-tau-implicit-detached%,%emm-msgtx-tau-imei-not-accept%,%emm-msgtx-tau-roaming-restrict-ta%,%emm-msgtx-tau-plmn-not-allow%,%emm-msgtx-tau-no-suitable-cell-ta%,%emm-msgtx-tau-ta-not-allow%,%emm-msgtx-tau-cs-service-notif%,%emm-msgtx-tau-no-eps-svc-plmn%,%emm-msgtx-tau-csg-not-subscribed%,%emm-msgtx-tau-eps-non-eps-not-allowed%,%emm-msgtx-tau-inter-reject%,%emm-msgtx-tau-inter-imsi-unknown-hss%,%emm-msgtx-tau-inter-illegal-ue%,%emm-msgtx-tau-inter-illegal-me%,%emm-msgtx-tau-inter-eps-not-allowed%,%emm-msgtx-tau-inter-emergency-disabled%,%emm-msgtx-tau-inter-network-fail%,%emm-msgtx-tau-inter-decode-failure%,%emm-msgtx-tau-inter-no-bearer-active%,%emm-msgtx-tau-inter-ue-identity-unk%
mme          mmeSch34                 No          mmeSch34,%localdate%,%localtime%,%servname%,%emm-msgtx-tau-inter-implicit-detached%,%emm-msgtx-tau-inter-imei-not-accept%,%emm-msgtx-tau-inter-roaming-restrict-ta%,%emm-msgtx-tau-inter-plmn-not-allow%,%emm-msgtx-tau-inter-no-suitable-cell-ta%,%emm-msgtx-tau-inter-ta-not-allow%,%emm-msgtx-tau-inter-no-eps-svc-plmn%,%emm-msgtx-tau-inter-csg-not-subscribed%,%emm-msgtx-tau-inter-eps-non-eps-not-allowed%,%emm-msgtx-tau-intra-reject%,%emm-msgtx-tau-intra-imsi-unknown-hss%,%emm-msgtx-tau-intra-illegal-ue%,%emm-msgtx-tau-intra-illegal-me%,%emm-msgtx-tau-intra-eps-not-allowed%,%emm-msgtx-tau-intra-emergency-disabled%,%emm-msgtx-tau-intra-network-fail%,%emm-msgtx-tau-intra-decode-failure%,%emm-msgtx-tau-intra-no-bearer-active%,%emm-msgtx-tau-intra-ue-identity-unk%,%emm-msgtx-tau-intra-implicit-detached%
mme          mmeSch35                 No          mmeSch35,%localdate%,%localtime%,%servname%,%emm-msgtx-tau-intra-imei-not-accept%,%emm-msgtx-tau-intra-roaming-restrict-ta%,%emm-msgtx-tau-intra-plmn-not-allow%,%emm-msgtx-tau-intra-no-suitable-cell-ta%,%emm-msgtx-tau-intra-ta-not-allow%,%emm-msgtx-tau-intra-no-eps-svc-plmn%,%emm-msgtx-tau-intra-csg-not-subscribed%,%emm-msgtx-tau-intra-eps-non-eps-not-allowed%,%emm-msgtx-dn-gen-nas-tpt%,%emm-msgtx-attach-reject-congestion%,%emm-msgtx-attach-reject-severe-network-failure%,%emm-msgtx-service-reject-congestion%,%emm-msgtx-tau-congestion%,%emm-msgtx-tau-severe-network-failure%,%emm-msgtx-tau-inter-congestion%,%emm-msgtx-tau-inter-severe-network-failure%,%emm-msgtx-tau-intra-congestion%,%emm-msgtx-tau-intra-severe-network-failure%,%emm-msgtx-guti-realloc-attach-accept%,%emm-msgtx-guti-realloc-attach-accept-retx%
mme          mmeSch36                 No          mmeSch36,%localdate%,%localtime%,%servname%,%emm-msgtx-guti-realloc-tau-accept%,%emm-msgtx-guti-realloc-tau-accept-retx%,%emm-msgtx-guti-reallocation%,%emm-msgtx-guti-reallocation-retx%,%emm-msgrx-plain-nas%,%emm-msgrx-integrity%,%emm-msgrx-ciphered%,%emm-msgrx-accepted%,%emm-msgrx-discarded%,%emm-msgrx-denied%,%emm-msgrx-decode-failure%,%emm-msgrx-attach-complete%,%emm-msgrx-attach-req%,%emm-msgrx-attach-retx%,%emm-msgrx-auth-failure%,%emm-msgrx-auth-resp%,%emm-msgrx-identity-resp%,%emm-msgrx-detach-req%,%emm-msgrx-detach-req-switchoff%,%emm-msgrx-detach-req-not-switchoff%
mme          mmeSch37                 No          mmeSch37,%localdate%,%localtime%,%servname%,%emm-msgrx-imsi-detach%,%emm-msgrx-emm-status%,%emm-msgrx-guti-reloc-complete%,%emm-msgrx-sm-complete%,%emm-msgrx-sm-reject%,%emm-msgrx-service-req%,%emm-msgrx-tau-req%,%emm-msgrx-tau-retx%,%emm-msgrx-tau-inter-req%,%emm-msgrx-tau-inter-retx%,%emm-msgrx-tau-intra-req%,%emm-msgrx-tau-intra-retx%,%emm-msgrx-tau-complete%,%emm-msgrx-ext-service-req%,%emm-msgrx-up-gen-nas-tpt%,%pdn-disconnect-ue-attempted%,%pdn-disconnect-ue-success%,%pdn-disconnect-ue-failures%,%pdn-disconnect-mme-attempted%,%pdn-disconnect-mme-success%
mme          mmeSch38                 No          mmeSch38,%localdate%,%localtime%,%servname%,%pdn-disconnect-mme-failures%,%pdn-disconnect-pgw-attempted%,%pdn-disconnect-pgw-success%,%pdn-disconnect-pgw-failures%,%pdn-disconnect-hss-attempted%,%pdn-disconnect-hss-success%,%pdn-disconnect-hss-failures%,%dedi-brr-activation-nw-attempted%,%dedi-brr-activation-nw-success%,%dedi-brr-activation-nw-failures%,%dedi-brr-activation-ue-attempted%,%dedi-brr-activation-ue-success%,%dedi-brr-activation-ue-failures%,%ded-brr-deactivation-mme-attempted%,%ded-brr-deactivation-mme-success%,%ded-brr-deactivation-mme-failures%,%ded-brr-deactivation-pgw-attempted%,%ded-brr-deactivation-pgw-success%,%ded-brr-deactivation-pgw-failures%,%ded-brr-deactivation-ue-attempted%
mme          mmeSch39                 No          mmeSch39,%localdate%,%localtime%,%servname%,%ded-brr-deactivation-ue-success%,%ded-brr-deactivation-ue-failures%,%brr-deactivation-nw-attempted%,%brr-deactivation-nw-success%,%brr-deactivation-nw-failures%,%dflt-brr-deactivation-mme-attempted%,%dflt-brr-deactivation-mme-success%,%dflt-brr-deactivation-mme-failures%,%dflt-brr-deactivation-pgw-attempted%,%dflt-brr-deactivation-pgw-success%,%dflt-brr-deactivation-pgw-failures%,%dflt-brr-deactivation-ue-attempted%,%dflt-brr-deactivation-ue-success%,%dflt-brr-deactivation-ue-failures%,%brr-modification-hss-attempted%,%brr-modification-hss-success%,%brr-modification-hss-failures%,%brr-modification-pgw-attemted%,%brr-modification-pgw-success%,%brr-modification-pgw-failures%
mme          mmeSch4                  No          mmeSch4,%localdate%,%localtime%,%servname%,%emmdisc-uedetach%,%emmdisc-pgwdetach%,%emmdisc-hssdetach%,%emmdisc-mmedetach%,%emmdisc-implicitdetach%,%emmdisc-localabort%,%emmdisc-authfail%,%emmdisc-subsparamfail%,%emmdisc-foreignplmnreject%,%emmdisc-apnnotsupinplmnrat%,%emmdisc-noepssubscription%,%emmdisc-otherreasons%,%esmevent-pdncon-attempt%,%esmevent-pdncon-success%,%esmevent-pdncon-failure%,%esmevent-pdncon-ipv4-attempt%,%esmevent-pdncon-ipv4-success%,%esmevent-pdncon-ipv4-failure%,%esmevent-pdncon-ipv6-attempt%,%esmevent-pdncon-ipv6-success%
mme          mmeSch40                 No          mmeSch40,%localdate%,%localtime%,%servname%,%brr-modification-ue-attempted%,%brr-modification-ue-success%,%brr-modification-ue-failures%,%brr-modification-nw-attempted%,%brr-modification-nw-success%,%brr-modification-nw-failures%,%esm-msgtx-act-ded-brr%,%esm-msgtx-act-ded-brr-retx%,%esm-msgtx-act-dflt-brr%,%esm-msgtx-act-dflt_bee-retx%,%esm-msgtx-brralloc-rej%,%esm-msgtx-brralloc-rej-pt1-inuse%,%esm-msgtx-brralloc-rej-semantic-errtft%,%esm-msgtx-brralloc-rej-syntactic-errtft%,%esm-msgtx-brralloc-rej-invalid-brrid%,%esm-msgtx-brralloc-rej-collision-nwop%,%esm-msgtx-brralloc-rej-invalid-pti%,%esm-msgtx-brralloc-rej-insuff-resource%,%esm-msgtx-brralloc-rej-auth-failed%,%esm-msgtx-brralloc-rej-svc-not-supported%
mme          mmeSch41                 No          mmeSch41,%localdate%,%localtime%,%servname%,%esm-msgtx-brralloc-rej-svc-not-subscribed%,%esm-msgtx-brralloc-rej-eps-qos-not-accepted%,%esm-msgtx-brrmod-rej%,%esm-msgtx-brrmod-rej-pti-inuse%,%esm-msgtx-brrmod-rej-semantic-errtft%,%esm-msgtx-brrmod-rej-syntactic-errtft%,%esm-msgtx-brrmod-rej-invalid-brrid%,%esm-msgtx-brrmod-rej-collision-nwop%,%esm-msgtx-brrmod-rej-pgw-rej%,%esm-msgtx-brrmod-rej-invalid-pti%,%esm-msgtx-brrmod-rej-insuff-resource%,%esm-msgtx-brrmod-rej-auth-failed%,%esm-msgtx-brrmod-rej-svc-not-supported%,%esm-msgtx-brrmod-rej-svc-not-subscribed%,%esm-msgtx-deactbrr%,%esm-msgtx-deactbrr-retx%,%esm-msgtx-deactbrr-esm-info-req%,%esm-msgtx-deactbrr-esm-info-req-retx%,%esm-msgtx-deactbrr-modbrr%,%esm-msgtx-deactbrr-moderr-retx%
mme          mmeSch42                 No          mmeSch42,%localdate%,%localtime%,%servname%,%esm-msgtx-pdncon-rej%,%esm-msgtx-pdncon-rej-pti-inuse%,%esm-msgtx-pdncon-rej-apn-unk%,%esm-msgtx-pdncon-rej-pdntype-unk%,%esm-msgtx-pdncon-rej-inv-brrid%,%esm-msgtx-pdncon-rej-apn-not-sup-in-plmn-rat%,%esm-msgtx-pdncon-rej-inv-pti%,%esm-msgtx-pdncon-rej-auth-failed%,%esm-msgtx-pdncon-rej-svc-not-supported%,%esm-msgtx-pdncon-rej-svc-not-subscribed%,%esm-msgtx-pdncon-rej-pgw-rej%,%esm-msgtx-pdncon-rej-opr-determined-barring%,%esm-msgtx-pdncon-rej-insuff-resources%,%esm-msgtx-pdncon-rej-activation-reject%,%esm-msgtx-pdncon-rej-svc-temp-out-of-order%,%esm-msgtx-pdncon-rej-protocol-errors%,%esm-msgtx-pdncon-rej-apn-restrict-incompatible%,%esm-msgtx-pdncon-rej-mul-pdn-not-allowed-for-apn%,%esm-msgtx-pdncon-rej-emergency-disabled%,%esm-msgtx-pdncon-rej-pdn-type_ipv4_only%
mme          mmeSch43                 No          mmeSch43,%localdate%,%localtime%,%servname%,%esm-msgtx-pdncon-rej-pdn-type_ipv6_only%,%esm-msgtx-pdncon-rej-other-reasons%,%esm-msgtx-pdndiscon-rej%,%esm-msgtx-pdndiscon-rej-pti-inuse%,%esm-msgtx-pdndiscon-rej-lastpdn%,%esm-msgtx-pdndiscon-rej-inv-pti%,%esm-msgtx-pdndiscon-rej-inv-brrid%,%esm-msgtx-pdndiscon-rej-pgw-rej%,%esm-msgrx-plain-nas%,%esm-msgrx-integrity%,%esm-msgrx-ciphered%,%esm-msgrx-accepted%,%esm-msgrx-denied%,%esm-msgrx-ded-brr-accept%,%esm-msgrx-ded-brr-reject%,%esm-msgrx-dflt-brr-accept%,%esm-msgrx-dflt-brr-reject%,%esm-msgrx-deactivate-brr-accept%,%esm-msgrx-brr-rsrc-alloc-req%,%esm-msgrx-brr-rsrc-modify-req%
mme          mmeSch44                 No          mmeSch44,%localdate%,%localtime%,%servname%,%esm-msgrx-esm-info-resp%,%esm-msgrx-em-status%,%esm-msgrx-mod-brr-accept%,%esm-msgrx-mod-brr-reject%,%esm-msgrx-pdn-con-req%,%esm-msgrx-pdn-discon-req%,%out-tau-ho-4gto4g-s10-attempted%,%out-tau-ho-4gto4g-s10-success%,%out-tau-ho-4gto4g-s10-failures%,%out-s1-ho-4gto4g-s10-attempted%,%out-s1-ho-4gto4g-s10-success%,%out-s1-ho-4gto4g-s10-failures%,%in-tau-ho-4gto4g-s10-attempted%,%in-tau-ho-4gto4g-s10-success%,%in-tau-ho-4gto4g-s10-failures%,%in-s1-ho-4gto4g-s10-attempted%,%in-s1-ho-4gto4g-s10-success%,%in-s1-ho-4gto4g-s10-failures%,%in-s1-ho-4gto4g-s10-target-tai-attempted%,%in-s1-ho-4gto4g-s10-target-tai-success%
mme          mmeSch45                 No          mmeSch45,%localdate%,%localtime%,%servname%,%in-s1-ho-4gto4g-s10-target-tai-failures%,%out-rau-ho-4gto3g2g-gngp-attempted%,%out-rau-ho-4gto3g2g-gngp-success%,%out-rau-ho-4gto3g2g-gngp-failures%,%out-s1-ho-4gto3g-gngp-attempted%,%out-s1-ho-4gto3g-gngp-success%,%out-s1-ho-4gto3g-gngp-failures%,%in-tau-ho-2g3gto4g-gngp-attempted%,%in-tau-ho-2g3gto4g-gngp-success%,%in-tau-ho-2g3gto4g-gngp-failures%,%in-s1-ho-3gto4g-gngp-attempted%,%in-s1-ho-3gto4g-gngp-success%,%in-s1-ho-3gto4g-gngp-failures%,%out-s1-ho-4gto2g-gngp-attempted%,%out-s1-ho-4gto2g-gngp-success%,%out-s1-ho-4gto2g-gngp-failures%,%in-s1-ho-2gto4g-gngp-attempted%,%in-s1-ho-2gto4g-gngp-success%,%in-s1-ho-2gto4g-gngp-failures%,%out-rau-ho-4gto3g2g-s3-attempted%
mme          mmeSch46                 No          mmeSch46,%localdate%,%localtime%,%servname%,%out-rau-ho-4gto3g2g-s3-success%,%out-rau-ho-4gto3g2g-s3-failures%,%out-s1-ho-4gto3g-s3-attempted%,%out-s1-ho-4gto3g-s3-success%,%out-s1-ho-4gto3g-s3-failures%,%in-tau-ho-2g3gto4g-s3-attempted%,%in-tau-ho-2g3gto4g-s3-success%,%in-tau-ho-2g3gto4g-s3-failures%,%in-s1-ho-3gto4g-s3-attempted%,%in-s1-ho-3gto4g-s3-success%,%in-s1-ho-3gto4g-s3-failures%,%out-s1-ho-4gto2g-s3-attempted%,%out-s1-ho-4gto2g-s3-success%,%out-s1-ho-4gto2g-s3-failures%,%in-s1-ho-2gto4g-s3-attempted%,%in-s1-ho-2gto4g-s3-success%,%in-s1-ho-2gto4g-s3-failures%,%s1-ho-4gto3g-cs-nodtm-sv-attempted%,%s1-ho-4gto3g-cs-nodtm-sv-success%,%s1-ho-4gto3g-cs-nodtm-sv-failures%
mme          mmeSch47                 No          mmeSch47,%localdate%,%localtime%,%servname%,%s1-ho-4gto3g-cs-sv-attempted%,%s1-ho-4gto3g-cs-sv-success%,%s1-ho-4gto3g-cs-sv-failures%,%s1-ho-4gto3g-csps-sv-attempted%,%s1-ho-4gto3g-csps-sv-success%,%s1-ho-4gto3g-csps-sv-success-cs-only%,%s1-ho-4gto3g-csps-sv-failures%,%s1-ho-4gto1xrtt-cs-srvcc-attempted%,%s1-ho-4gto1xrtt-cs-srvcc-success%,%s1-ho-4gto1xrtt-cs-srvcc-failures%,%out-non-3GPP-ho-attempted%,%out-non-3GPP-ho-success%,%out-non-3GPP-ho-failures%,%in-non-3GPP-ho-attempted%,%in-non-3GPP-ho-success%,%in-non-3GPP-ho-failures%,%pdn-all%,%pdn-connected%,%pdn-idle%,%pdn-emergency-all%
mme          mmeSch48                 No          mmeSch48,%localdate%,%localtime%,%servname%,%pdn-emergency-connected%,%pdn-emergency-idle%,%pdn-dcnr-user-all%,%pdn-dcnr-user-connected%,%pdn-dcnr-user-idle%,%brr-all%,%brr-connected%,%brr-idle%,%total-brrs-using-op-specific-qci%,%connected-brrs-using-op-specific-qci%,%idle-brrs-using-op-specific-qci%,%cumulative-count-brrs-with-op-specific-qci%,%isr-activated%,%sess-call-all%,%sess-call-connected%,%sess-call-idle%,%sess-emergency-call-all%,%sess-emergency-call-connected%,%sess-emergency-call-idle%,%sess-unauth-call-all%,%emm-msgtx-attach-rej-network-fail-other-reasons%,%emm-msgtx-tau-network-fail-session-recovery%,%emm-msgtx-tau-network-fail-smgr-resource-unavailable%
mme          mmeSch49                 No          mmeSch49,%localdate%,%localtime%,%servname%,%sess-unauth-call-connected%,%sess-unauth-call-idle%,%attached-home-subscriber%,%attached-visiting-national-subscriber%,%attached-visiting-foreign-subscriber%,%attached-psm-subscriber%,%ddn-rejects-psm%,%attached-edrx-subscriber%,%ddn-rejects-edrx%,%connected-home-subscriber%,%connected-visiting-national-subscriber%,%connected-visiting-foreign-subscriber%,%idle-home-subscriber%,%idle-visiting-national-subscriber%,%idle-visiting-foreign-subscriber%,%isr-deactivation-s3-pathfail%,%isr-deactivation-sgsn-localdetach%,%isr-deactivation-sgw-reloc%,%isr-deactivation-cn-nodereloc%,%isr-deactivation-impdetach%
mme          mmeSch5                  No          mmeSch5,%localdate%,%localtime%,%servname%,%esmevent-pdncon-ipv6-failure%,%esmevent-dcnr-user-pdncon-attempt%,%esmevent-dcnr-user-pdncon-success%,%esmevent-dcnr-user-pdncon-failure%,%esmevent-defbearact-attempt%,%esmevent-defbearact-success%,%esmevent-defbearact-failure%,%esmctrlmsg-sent-cleartext%,%esmctrlmsg-sent-integrity%,%esmctrlmsg-sent-cipher%,%esmctrlmsg-sent-retrans%,%esmctrlmsg-sent-failure%,%sctp-transdata-init%,%sctp-transdata-initack%,%sctp-transdata-shut%,%sctp-transdata-shutack%,%sctp-transdata-cookie%,%sctp-transdata-cookieack%,%sctp-transdata-data%,%sctp-transdata-dataack%
mme          mmeSch50                 No          mmeSch50,%localdate%,%localtime%,%servname%,%isr-deactivation-otherdetach%,%isr-deactivation-otherreason%,%emergency-pdn-connect-attempted%,%emergency-pdn-connect-success%,%emergency-pdn-connect-failures%,%tau-ta-la-attempted%,%tau-ta-la-success%,%tau-ta-la-success-eps%,%tau-ta-la-failures%,%tau-ta-la-sgw-change-attempted%,%tau-ta-la-sgw-change-success%,%tau-ta-la-sgw-change-success-eps%,%tau-ta-la-sgw-change-failures%,%tau-imsi-attempted%,%tau-imsi-success%,%tau-imsi-success-eps%,%tau-imsi-failures%,%tau-imsi-sgw-change-attempted%,%tau-imsi-sgw-change-success%,%tau-imsi-sgw-change-success-eps%
mme          mmeSch51                 No          mmeSch51,%localdate%,%localtime%,%servname%,%tau-imsi-sgw-change-failures%,%s1ap-transdata-wrwreq%,%s1ap-transdata-killreq%,%s1ap-transdata-connestind%,%s1ap-transdata-reroutenasreq%,%s1ap-transdata-eRabModCfm%,%s1ap-recdata-wrwresp%,%s1ap-recdata-killresp%,%out-mob-4gto5g-n26-attempted%,%out-mob-4gto5g-n26-success%,%out-mob-4gto5g-n26-failures%,%out-ho-4gto5g-n26-attempted%,%out-ho-4gto5g-n26-success%,%out-ho-4gto5g-n26-failures%,%in-mob-5gto4g-n26-attempted%,%in-mob-5gto4g-n26-success%,%in-mob-5gto4g-n26-failures%,%in-ho-5gto4g-n26-attempted%,%in-ho-5gto4g-n26-success%,%in-ho-5gto4g-n26-failures%
mme          mmeSch52                 No          mmeSch52,%localdate%,%localtime%,%servname%,%emm-msgtx-attach-no-rej-send-total%,%emm-msgtx-attach-auth-failed%,%emm-msgtx-attach-ue-initiated-detach%,%emm-msgtx-attach-detach-in-progress%,%emm-msgtx-attach-diff-attach-recv%,%emm-msgtx-tau-no-rej-send-total%,%emm-msgtx-tau-auth-failed%,%emm-msgtx-tau-ue-initiated-detach%,%emm-msgtx-tau-detach-in-progress%,%emm-msgtx-tau-diff-tau-recv%,%emm-msgtx-tau-attach-awaits-mb-resp%,%emm-msgtx-tau-intra-no-rej-send-total%,%emm-msgtx-tau-intra-auth-failed%,%emm-msgtx-tau-intra-ue-initiated-detach%,%emm-msgtx-tau-intra-detach-in-progress%,%emm-msgtx-tau-intra-diff-tau-recv%,%emm-msgtx-tau-intra-attach-awaits-mb-resp%,%emm-msgtx-tau-inter-no-rej-send-total%,%emm-msgtx-tau-inter-auth-failed%,%emm-msgtx-tau-inter-ue-initiated-detach%
mme          mmeSch53                 No          mmeSch53,%localdate%,%localtime%,%servname%,%emm-msgtx-tau-inter-diff-tau-recv%,%attach-proc-fail-total%,%attach-proc-fail-max-retx-auth-req%,%attach-proc-fail-max-retx-sec-mode-cmd%,%attach-proc-fail-max-retx-attach-accept%,%attach-proc-fail-setup-timeout-exp%,%attach-proc-fail-sctp-fail%,%attach-proc-fail-guard-timeout-exp%,%attach-proc-fail-ue-ctxt-release%,%attach-proc-fail-max-retx-esm-info-req%,%attach-proc-fail-apn-not-sup-in-plmn-rat%,%attach-proc-fail-other-reasons%,%intra-mme-tau-proc-fail-total%,%intra-mme-tau-proc-fail-max-retx-auth-req%,%intra-mme-tau-proc-fail-max-retx-sec-mode-cmd%,%intra-mme-tau-proc-fail-max-retx-tau-accept%,%intra-mme-tau-proc-fail-sctp-fail%,%intra-mme-tau-proc-fail-guard-timeout-exp%,%intra-mme-tau-proc-fail-ue-ctxt-release%,%intra-mme-tau-proc-other-reasons%
mme          mmeSch54                 No          mmeSch54,%localdate%,%localtime%,%servname%,%inter-node-tau-proc-fail-total%,%inter-node-tau-proc-fail-max-retx-auth-req%,%inter-node-tau-proc-fail-max-retx-sec-mode-cmd%,%inter-node-tau-proc-fail-max-retx-tau-accept%,%inter-node-tau-proc-fail-setup-timeout-exp%,%inter-node-tau-proc-fail-sctp-fail%,%inter-node-tau-proc-fail-guard-timeout-exp%,%inter-node-tau-proc-fail-ue-ctxt-release%,%inter-node-tau-proc-fail-relocation-failure%,%inter-node-tau-proc-other-reasons%,%inter-node-srns-proc-fail-apn-not-supported%,%inter-node-tau-proc-fail-apn-not-supported%,%im-exit-proc-fail-total%,%im-exit-proc-fail-max-retx-tau-accept%,%im-exit-proc-fail-sctp-fail%,%im-exit-proc-fail-guard-timeout-exp%,%im-exit-proc-fail-ue-ctxt-release%,%im-exit-proc-fail-other-reasons%,%sgw-rest-proc-fail-total%,%sgw-rest-proc-fail-invalid-ue-sgw-ctxt%
mme          mmeSch55                 No          mmeSch55,%localdate%,%localtime%,%servname%,%sgw-rest-proc-fail-no-eps-bearer-active%,%sgw-rest-proc-fail-sgw-selection-failure%,%sgw-rest-proc-fail-sgw-reloc-proc-failed%,%sgw-rest-proc-fail-create-sess-failure%,%sgw-rest-proc-fail-abort%,%emm-msgtx-attach-rej-network-fail-session-recovery%,%emm-msgtx-attach-rej-network-fail-smgr-resource-unavailable%,%emm-msgtx-attach-rej-network-fail-egtp-connection%,%emm-msgtx-attach-rej-network-fail-auth-proc%,%emm-msgtx-attach-rej-network-fail-hss-unavailable%,%emm-msgtx-attach-rej-network-fail-pgw-selection%,%emm-msgtx-attach-rej-network-fail-sgw-selection%,%emm-msgtx-attach-rej-network-fail-hss-subscription-fail%,%emm-msgtx-attach-rej-network-fail-s1-connection%,%emm-msgtx-attach-rej-network-fail-congestion%,%emm-msgtx-attach-rej-network-fail-gateway-unreachable%,%emm-msgtx-attach-rej-network-fail-newcall-restrict%
mme          mmeSch56                 No          mmeSch56,%localdate%,%localtime%,%servname%,%emm-msgtx-tau-network-fail-egtp-connection%,%emm-msgtx-tau-network-fail-auth-proc%,%emm-msgtx-tau-network-fail-hss-unavailable%,%emm-msgtx-tau-network-fail-sgw-selection%,%emm-msgtx-tau-network-fail-hss-subscription-fail%,%emm-msgtx-tau-network-fail-s1-connection%,%emm-msgtx-tau-network-fail-unexpected-tau%,%emm-msgtx-tau-network-fail-periodic-tau%,%emm-msgtx-tau-network-fail-max-retx-tau-accept%,%emm-msgtx-tau-network-fail-guard-timer-expiry%,%emm-msgtx-tau-network-fail-detach-event%,%emm-msgtx-tau-network-fail-congestion%,%emm-msgtx-tau-network-fail-gateway-unreachable%,%emm-msgtx-tau-network-fail-newcall-restrict%,%emm-msgtx-tau-network-fail-no-active-bearer%,%emm-msgtx-tau-network-fail-peer-node-fail%,%emm-msgtx-tau-network-fail-other-reasons%,%emm-msgtx-tau-inter-network-fail-session-recovery%,%emm-msgtx-tau-inter-network-fail-smgr-resource-unavailable%,%emm-msgtx-tau-inter-network-fail-egtp-connection%
mme          mmeSch57                 No          mmeSch57,%localdate%,%localtime%,%servname%,%emm-msgtx-tau-inter-network-fail-auth-proc%,%emm-msgtx-tau-inter-network-fail-hss-unavailable%,%emm-msgtx-tau-inter-network-fail-sgw-selection%,%emm-msgtx-tau-inter-network-fail-hss-subscription-fail%,%emm-msgtx-tau-inter-network-fail-s1-connection%,%emm-msgtx-tau-inter-network-fail-unexpected-tau%,%emm-msgtx-tau-inter-network-fail-max-retx-tau-accept%,%emm-msgtx-tau-inter-network-fail-guard-timer-expiry%,%emm-msgtx-tau-inter-network-fail-detach-event%,%emm-msgtx-tau-inter-network-fail-congestion%,%emm-msgtx-tau-inter-network-fail-gateway-unreachable%,%emm-msgtx-tau-inter-network-fail-newcall-restrict%,%emm-msgtx-tau-inter-network-fail-no-active-bearer%,%emm-msgtx-tau-inter-network-fail-peer-node-fail%,%emm-msgtx-tau-inter-network-fail-other-reasons%,%emm-msgtx-tau-intra-network-fail-session-recovery%,%emm-msgtx-tau-intra-network-fail-auth-proc%,%emm-msgtx-tau-intra-network-fail-hss-unavailable%
mme          mmeSch58                 No          mmeSch58,%localdate%,%localtime%,%servname%,%emm-msgtx-tau-intra-network-fail-s1-connection%,%emm-msgtx-tau-intra-network-fail-unexpected-tau%,%emm-msgtx-tau-intra-network-fail-periodic-tau%,%emm-msgtx-tau-intra-network-fail-guard-timer-expiry%,%emm-msgtx-tau-intra-network-fail-detach-event%,%emm-msgtx-tau-intra-network-fail-congestion%,%emm-msgtx-tau-intra-network-fail-gateway-unreachable%,%emm-msgtx-tau-intra-network-fail-newcall-restrict%,%emm-msgtx-tau-intra-network-fail-no-active-bearer%,%emm-msgtx-tau-intra-network-fail-other-reasons%,%optimized-out-rau-ho-4gto2g3g-attempted%,%optimized-out-rau-ho-4gto2g3g-success%,%optimized-out-rau-ho-4gto2g3g-failures%,%optimized-in-tau-ho-2g3gto4g-attempted%,%optimized-in-tau-ho-2g3gto4g-success%,%optimized-in-tau-ho-2g3gto4g-failures%,%optimized-out-s1-ho-4gto2g3g-attempted%,%optimized-out-s1-ho-4gto2g3g-success%,%optimized-out-s1-ho-4gto2g3g-failures%,%optimized-in-s1-ho-2g3gto4g-attempted%
mme          mmeSch59                 No          mmeSch59,%localdate%,%localtime%,%servname%,%optimized-in-s1-ho-2g3gto4g-success%,%optimized-in-s1-ho-2g3gto4g-failures%,%guti-reallocation-attempted%,%guti-reallocation-success%,%guti-reallocation-failures%,%pcscf-restoration-pdn-deactivations%,%pcscf-restoration-pdn-modifications%,%erab-setup-attempted%,%erab-setup-success%,%erab-setup-failures%,%erab-modify-attempted%,%erab-modify-success%,%erab-modify-failures%,%erab-modification-indication-attempted%,%erab-modification-indication-success%,%erab-modification-indication-failures%,%idle-nbiot-subscriber%,%connected-nbiot-subscriber%,%nbiot-path-sw-fail%,%nbiot-ho-prep-fail%
mme          mmeSch6                  No          mmeSch6,%localdate%,%localtime%,%servname%,%sctp-transdata-shutcomp%,%sctp-transdata-hb%,%sctp-transdata-hback%,%sctp-transdata-abort%,%sctp-transdata-error%,%sctp-recdata-init%,%sctp-recdata-initack%,%sctp-recdata-shut%,%sctp-recdata-shutack%,%sctp-recdata-cookie%,%sctp-recdata-cookieack%,%sctp-recdata-data%,%sctp-recdata-dataack%,%sctp-recdata-shutcomp%,%sctp-recdata-hb%,%sctp-recdata-hback%,%sctp-recdata-abort%,%sctp-recdata-error%,%sctp-retransdata-init%,%sctp-retransdata-shut%
mme          mmeSch60                 No          mmeSch60,%localdate%,%localtime%,%servname%,%nbiot-irat-tau-rej-gn%,%nbiot-irat-tau-rej-s3%,%nbiot-irat-tau-rej-nb-to-wb%,%nbiot-irat-tau-rej-wb-to-nb%,%nbiot-tau-rej-nb-to-wb%,%nbiot-tau-rej-wb-to-nb%,%nbiot-irat-denied-gn%,%nbiot-irat-denied-s3%,%nbiot-irat-denied-nb-to-wb%,%nbiot-irat-denied-wb-to-nb%,%nbiot-irat-frwd-rloc-rej-wb-to-nb%,%idle-wopdn-subscriber%,%connected-wopdn-subscriber%,%wopdn-attach-req%,%wopdn-attach-acc%,%wopdn-attach-comp%,%wopdn-attach-rej-config-err-nbiot%,%wopdn-attach-rej-config-err-eps%,%wopdn-intra-tau-req%,%wopdn-intra-tau-acc%,%emm-msgtx-tau-intra-network-fail-sgw-selection%,%emm-msgtx-tau-intra-network-fail-hss-subscription-fail%
mme          mmeSch61                 No          mmeSch61,%localdate%,%localtime%,%servname%,%wopdn-intra-tau-comp%,%wopdn-inter-tau-req%,%wopdn-inter-tau-acc%,%wopdn-inter-tau-comp%,%wopdn-inter-tau-rej-config-err-nbiot%,%wopdn-inter-tau-rej-config-err-eps%,%wopdn-pdn-conn-req%,%wopdn-pdn-conn-succ%,%wopdn-last-pdn-del-allowed%,%wopdn-irat-denied-no-wopdn-supp-s10%,%esmevent-nonip-pdncon-scef-attempt%,%esmevent-nonip-pdncon-scef-success%,%esmevent-nonip-pdncon-scef-failure%,%esmevent-nonip-pdncon-sgi-attempt%,%esmevent-nonip-pdncon-sgi-success%,%esmevent-nonip-pdncon-sgi-failure%,%nonip-pdn-all%,%nonip-pdn-scef%,%nonip-pdn-sgi%,%outbound-tau-rau-denied-no-sgnipdn-sup%
mme          mmeSch62                 No          mmeSch62,%localdate%,%localtime%,%servname%,%outbound-tau-rau-denied-no-scnipdn-sup%,%outbound-tau-rau-pdn-deact-no-sgnipdn-sup-s3%,%outbound-tau-rau-pdn-deact-no-sgnipdn-sup-gn%,%outbound-tau-rau-pdn-deact-no-sgnipdn-sup-mme%,%outbound-tau-rau-pdn-deact-no-scnipdn-sup-s3%,%outbound-tau-rau-pdn-deact-no-scnipdn-sup-gn%,%outbound-tau-rau-pdn-deact-no-scnipdn-sup-mme%,%outbound-ho-denied-no-sgnipdn-sup%,%outbound-ho-denied-no-scnipdn-sup%,%outbound-ho-pdn-deact-no-sgnipdn-sup-s3%,%outbound-ho-pdn-deact-no-sgnipdn-sup-gn%,%outbound-ho-pdn-deact-no-sgnipdn-sup-mme%,%outbound-ho-pdn-deact-no-scnipdn-sup-s3%,%outbound-ho-pdn-deact-no-scnipdn-sup-gn%,%outbound-ho-pdn-deact-no-scnipdn-sup-mme%,%nas-data-pkts-rx%,%nas-data-pkts-tx%,%nas-data-bytes-rx%,%nas-data-bytes-tx%,%nas-data-pkts-rx-drop%
mme          mmeSch63                 No          mmeSch63,%localdate%,%localtime%,%servname%,%nas-data-pkts-tx-drop%,%nas-data-bytes-rx-drop%,%nas-data-bytes-tx-drop%,%s11u-ip-data-pkts-rx%,%s11u-ip-data-pkts-tx%,%s11u-ip-data-bytes-rx%,%s11u-ip-data-bytes-tx%,%s11u-ip-data-pkts-rx-drop%,%s11u-ip-data-pkts-tx-drop%,%s11u-ip-data-bytes-rx-drop%,%s11u-ip-data-bytes-tx-drop%,%s11u-nonip-data-pkts-rx%,%s11u-nonip-data-pkts-tx%,%s11u-nonip-data-bytes-rx%,%s11u-nonip-data-bytes-tx%,%s11u-nonip-data-pkts-rx-drop%,%s11u-nonip-data-pkts-tx-drop%,%s11u-nonip-data-bytes-rx-drop%,%s11u-nonip-data-bytes-tx-drop%,%t6a-data-pkts-rx%
mme          mmeSch64                 No          mmeSch64,%localdate%,%localtime%,%servname%,%t6a-data-pkts-tx%,%t6a-data-bytes-rx%,%t6a-data-bytes-tx%,%t6a-data-pkts-rx-drop%,%t6a-data-pkts-tx-drop%,%t6a-data-bytes-rx-drop%,%t6a-data-bytes-tx-drop%,%emm-msgrx-cp-service-req%,%emm-msgtx-service-accept%,%emm-msgrx-partially-ciphered%,%esm-msgtx-esm-data-transport%,%esm-msgrx-esm-data-transport%,%attached-cp-ciot-subscriber%,%connected-cp-ciot-subscriber%,%idle-cp-ciot-subscriber%,%ecmevent-ue-cp-srvcreq-attempt%,%ecmevent-ue-cp-srvcreq-success%,%ecmevent-ue-cp-srvcreq-failure%,%ecmevent-nw-cp-srvcreq-attempt%,%ecmevent-nw-cp-srvcreq-success%
mme          mmeSch65                 No          mmeSch65,%localdate%,%localtime%,%servname%,%ecmevent-nw-cp-srvcreq-failure%,%sgw-restoration-attempted%,%sgw-restoration-peer-restart%,%sgw-restoration-peer-down%,%sgw-restoration-pdn-restored%,%sgw-restoration-emergency-pdn-restored%,%sgw-restoration-ims-pdn-restored%,%sgw-restoration-normal-pdn-restored%,%sgw-restoration-pdn-failed%,%sgw-restoration-emergency-pdn-failed%,%sgw-restoration-ims-pdn-failed%,%sgw-restoration-normal-pdn-failed%,%attached-ce-mode-b-subscriber%,%connected-ce-mode-b-subscriber%,%idle-ce-mode-b-subscriber%,%attached-dcnr-subscriber%,%connected-dcnr-subscriber%,%idle-dcnr-subscriber%,%dcnr-attach-req%,%dcnr-attach-acc-allowed%
mme          mmeSch66                 No          mmeSch66,%localdate%,%localtime%,%servname%,%dcnr-attach-acc-denied%,%dcnr-attach-rej%,%dcnr-attach-comp%,%dcnr-intra-tau-req%,%dcnr-intra-tau-acc-allowed%,%dcnr-intra-tau-acc-denied%,%dcnr-intra-tau-comp%,%dcnr-inter-tau-req%,%dcnr-inter-tau-acc-allowed%,%dcnr-inter-tau-acc-denied%,%dcnr-inter-tau-rej%,%dcnr-inter-tau-comp%,%dcnr-dns-sgw-selection-common%,%dcnr-dns-sgw-selection-nr%,%dcnr-dns-sgw-selection-local%,%dcnr-dns-pgw-selection-common%,%dcnr-dns-pgw-selection-nr%,%dcnr-dns-pgw-selection-local%,%dcnr-s1ap-rx-srur-uectxtrelreq%,%dcnr-s1ap-rx-srur-uectxtrelcmpl%
mme          mmeSch67                 No          mmeSch67,%localdate%,%localtime%,%servname%,%dcnr-s1ap-rx-srur-erabmodind%,%dcnr-s1ap-rx-srur-erabrelind%,%dcnr-s1ap-rx-srur-erabrelres%,%dcnr-s1ap-rx-srdur-periodic%,%dcnr-s1ap-rx-srdur-ho%,%dcnr-s10-rx-srur-fwdrelcmpack%,%dcnr-s1ap-rx-srur-periodicdropped%,%dcnr-s11-tx-srur-csreq%,%dcnr-s11-tx-srur-dsreq%,%dcnr-s11-tx-srur-dbrsp%,%dcnr-s11-tx-srur-rabreq%,%dcnr-s11-tx-srur-dbcmd%,%dcnr-s11-tx-srur-mbreq%,%dcnr-s11-tx-srur-chngnot%,%dcnr-s10-tx-srur-fwdrelcmpack%,%monitored-subscribers%,%monitored-loss-of-connectivity%,%monitored-ue-reachability%,%monitored-location-reporting%,%monitored-communication-failure%
mme          mmeSch68                 No          mmeSch68,%localdate%,%localtime%,%servname%,%monitored-availability-after-ddn-failure%,%monitored-number-of-ue-geoarea%,%monitored-uereachability-idleind%,%monitored-availability-after-ddn-failure-idleind%,%monitored-pdn-connecitivty-status%,%monte-rx-loss-of-connectivity%,%monte-rx-ue-reachability%,%monte-rx-location-reporting%,%monte-rx-communication-failure%,%monte-rx-availability-after-ddn-failure%,%monte-rx-number-of-ue-geoarea%,%monte-rx-uereachability-idleind%,%monte-rx-availability-ddnfailure-idleind%,%monte-rx-pdn-connectivity-status%,%monte-tx-loss-of-connectivity%,%monte-tx-ue-reachability%,%monte-tx-location-reporting%,%monte-tx-communication-failure%,%monte-tx-availability-after-ddnfailure%,%monte-tx-number-of-ue-geoarea%
mme          mmeSch69                 No          mmeSch69,%localdate%,%localtime%,%servname%,%monte-tx-uereachability-idleind%,%monte-tx-availability-ddnfailure-idleind%,%monte-tx-pdn-connectivity-status%,%monte-del-loss-of-connectivity%,%monte-del-ue-reachability%,%monte-del-location-reporting%,%monte-del-communication-failure%,%monte-del-availability-after-ddn-failure%,%monte-del-uereachability-idleind%,%monte-del-availability-ddnfailure-idleind%,%monte-del-pdn-connectivity-status%,%msg-addtnl-mic-req%,%msg-addtnl-mic-ans%,%msg-addtnl-mica-success%,%msg-addtnl-mica-failure%,%msg-addtnl-mica-timeout%,%mme-decor-attached-subscriber%,%mme-decor-initial-attach-req-accept%,%mme-decor-initial-attach-req-reroute%,%mme-decor-initial-attach-req-reject%
mme          mmeSch7                  No          mmeSch7,%localdate%,%localtime%,%servname%,%sctp-retransdata-shutack%,%sctp-retransdata-cookie%,%sctp-retransdata-data%,%sctp-totsent-bytes%,%sctp-totrec-bytes%,%sctp-totsent-pkts%,%sctp-totrec-pkts%,%s1ap-transdata-setupres%,%s1ap-transdata-setupresfail%,%s1ap-transdata-reset%,%s1ap-transdata-resetack%,%s1ap-transdata-olstart%,%s1ap-transdata-olstop%,%s1ap-transdata-mmedirinftra%,%s1ap-transdata-paging%,%s1ap-transdata-pagingpriocs%,%s1ap-transdata-pagingpriops%,%s1ap-transdata-enbcfgupdack%,%s1ap-transdata-enbcfgupdfail%,%s1ap-transdata-ctrlmsgencfail%
mme          mmeSch70                 No          mmeSch70,%localdate%,%localtime%,%servname%,%mme-decor-reroute-attach-req-accept%,%mme-decor-reroute-attach-req-reject%,%mme-decor-initial-tau-req-accept%,%mme-decor-initial-tau-req-reroute%,%mme-decor-initial-tau-req-reject%,%mme-decor-reroute-tau-req-accept%,%mme-decor-reroute-tau-req-reject%,%mme-decor-ue-usage-type-src-hss%,%mme-decor-ue-usage-type-src-ue-ctxt%,%mme-decor-ue-usage-type-src-peer-mme%,%mme-decor-ue-usage-type-src-peer-sgsn%,%mme-decor-ue-usage-type-src-cfg%,%mme-decor-ue-usage-type-src-enb%,%mme-decor-ue-usage-type-src-peer-amf%,%mme-decor-sgw-sel-dns-common%,%mme-decor-sgw-sel-dns-dedicated%,%mme-decor-sgw-sel-local-cfg-common%,%mme-decor-pgw-sel-dns-common%,%mme-decor-pgw-sel-dns-dedicated%,%mme-decor-pgw-sel-local-cfg-common%
mme          mmeSch71                 No          mmeSch71,%localdate%,%localtime%,%servname%,%mme-decor-mme-sel-dns-common%,%mme-decor-mme-sel-dns-dedicated%,%mme-decor-mme-sel-local-cfg-common%,%mme-decor-sgsn-sel-dns-common%,%mme-decor-sgsn-sel-dns-dedicated%,%mme-decor-sgsn-sel-local-cfg-common%,%attached-lp-nbiot-subscriber%,%attached-lp-eutran-subscriber%,%mme-decor-mmegi-sel-dns%,%mme-decor-mmegi-sel-local-cfg%,%mme-decor-mmegi-sel-fail%,%mme-decor-guti-reallocation-attempted%,%mme-decor-guti-reallocation-success%,%mme-decor-guti-reallocation-failures%,%mme-decor-isdr-ue-usage-type-change%,%mme-decor-explicit-air-attach%,%mme-decor-explicit-air-in-relocation%,%mme-decor-explicit-air-tau-in-relocation%,%mme-decor-handover-srv-area-dcn%,%mme-decor-handover-srv-area-non-dcn%
mme          mmeSch8                  No          mmeSch8,%localdate%,%localtime%,%servname%,%s1ap-transdata-erabsetupreq%,%s1ap-transdata-erabmodreq%,%s1ap-transdata-erabrelcmd%,%s1ap-transdata-ctxtsetupreq%,%s1ap-transdata-uectxtrel%,%s1ap-transdata-uectxtmod%,%s1ap-transdata-dlnastrans%,%s1ap-transdata-errorind%,%s1ap-transdata-hocmd%,%s1ap-transdata-hoprepfail%,%s1ap-transdata-horeq%,%s1ap-transdata-hocanack%,%s1ap-transdata-pathswreqack%,%s1ap-transdata-pathswreqfail%,%s1ap-transdata-dlinktunnel%,%s1ap-transdata-tracestart%,%s1ap-transdata-deactivtrace%,%s1ap-transdata-mmetrans%,%s1ap-transdata-locrepctrl%,%s1ap-transdata-encfail%
mme          mmeSch9                  No          mmeSch9,%localdate%,%localtime%,%servname%,%s1ap-transdata-cfgupd%,%s1ap-transdata-mmecfgtfr%,%s1ap-transdata-pagingdrop%,%s1ap-recdata-setupreq%,%s1ap-recdata-reset%,%s1ap-recdata-resetack%,%s1ap-recdata-enbdirinftrans%,%s1ap-recdata-enbcfgupd%,%s1ap-recdata-ctrlmsgdecfail%,%s1ap-recdata-ctrlmsgunexpevt%,%s1ap-recdata-erabsetupres%,%s1ap-recdata-erabmodres%,%s1ap-recdata-erabrelres%,%s1ap-recdata-erabrelind%,%s1ap-recdata-ctxtsetupres%,%s1ap-recdata-ctxtsetupfail%,%s1ap-recdata-uectxtrelreq%,%s1ap-recdata-uectxtrelcomp%,%s1ap-recdata-uectxtmodres%,%s1ap-recdata-uectxtmodfail%